Country Name,Code,Year,GDP
Afghanistan,AF,1990,..
Afghanistan,AF,1995,..
Afghanistan,AF,2000,..
Afghanistan,AF,2005,1011.595524
Afghanistan,AF,2010,1581.600836
Afghanistan,AF,2015,1926.357336
Afghanistan,AF,2017,1980.516177
Albania,AL,1990,2722.280344
Albania,AL,1995,2782.093734
Albania,AL,2000,4029.016971
Albania,AL,2005,5942.884009
Albania,AL,2010,9637.345368
Albania,AL,2015,11334.22093
Albania,AL,2017,12020.69073
Algeria,DZ,1990,6616.408352
Algeria,DZ,1995,6777.297778
Algeria,DZ,2000,8093.530893
Algeria,DZ,2005,10971.84687
Algeria,DZ,2010,12610.24805
Algeria,DZ,2015,14614.97043
Algeria,DZ,2017,15275.37422
American Samoa,AS,1990,..
American Samoa,AS,1995,..
American Samoa,AS,2000,..
American Samoa,AS,2005,..
American Samoa,AS,2010,..
American Samoa,AS,2015,..
American Samoa,AS,2017,..
Andorra,AD,1990,..
Andorra,AD,1995,..
Andorra,AD,2000,..
Andorra,AD,2005,..
Andorra,AD,2010,..
Andorra,AD,2015,..
Andorra,AD,2017,..
Angola,AO,1990,2217.43838
Angola,AO,1995,1797.522525
Angola,AO,2000,2277.374611
Angola,AO,2005,3550.720284
Angola,AO,2010,5778.380803
Angola,AO,2015,6631.618694
Angola,AO,2017,6388.960022
Antigua and Barbuda,AG,1990,10587.59341
Antigua and Barbuda,AG,1995,12012.90695
Antigua and Barbuda,AG,2000,14987.41116
Antigua and Barbuda,AG,2005,18065.80523
Antigua and Barbuda,AG,2010,18824.07315
Antigua and Barbuda,AG,2015,21462.28694
Antigua and Barbuda,AG,2017,23593.93283
Arab World,,1990,6754.315066
Arab World,,1995,7709.54066
Arab World,,2000,9328.026445
Arab World,,2005,11594.61102
Arab World,,2010,14064.01049
Arab World,,2015,16337.96649
Arab World,,2017,16922.1043
Argentina,AR,1990,6990.554045
Argentina,AR,1995,10129.77779
Argentina,AR,2000,11810.06136
Argentina,AR,2005,13817.71407
Argentina,AR,2010,18333.5437
Argentina,AR,2015,20356.91551
Argentina,AR,2017,20786.67933
Armenia,AM,1990,2418.860926
Armenia,AM,1995,1584.60047
Armenia,AM,2000,2318.238073
Armenia,AM,2005,4769.489004
Armenia,AM,2010,6567.258582
Armenia,AM,2015,8727.558325
Armenia,AM,2017,9647.486113
Aruba,AW,1990,..
Aruba,AW,1995,..
Aruba,AW,2000,..
Aruba,AW,2005,..
Aruba,AW,2010,..
Aruba,AW,2015,..
Aruba,AW,2017,..
Australia,AU,1990,17338.4672
Australia,AU,1995,20890.17053
Australia,AU,2000,26316.94788
Australia,AU,2005,32539.08157
Australia,AU,2010,39274.76423
Australia,AU,2015,46220.25126
Australia,AU,2017,48460.04928
Austria,AT,1990,19452.46636
Austria,AT,1995,23658.77108
Austria,AT,2000,29375.4048
Austria,AT,2005,35013.71404
Austria,AT,2010,42047.03268
Austria,AT,2015,49883.0413
Austria,AT,2017,52397.75435
Azerbaijan,AZ,1990,5502.433989
Azerbaijan,AZ,1995,2420.444864
Azerbaijan,AZ,2000,3534.329148
Azerbaijan,AZ,2005,7169.150431
Azerbaijan,AZ,2010,15627.60562
Azerbaijan,AZ,2015,17782.02615
Azerbaijan,AZ,2017,17398.16356
"Bahamas, The",BS,1990,20031.13314
"Bahamas, The",BS,1995,20576.65729
"Bahamas, The",BS,2000,26149.41714
"Bahamas, The",BS,2005,28849.72996
"Bahamas, The",BS,2010,28630.87037
"Bahamas, The",BS,2015,30249.73823
"Bahamas, The",BS,2017,30430.16948
Bahrain,BH,1990,22694.90726
Bahrain,BH,1995,31276.02653
Bahrain,BH,2000,35622.6017
Bahrain,BH,2005,38466.56221
Bahrain,BH,2010,39749.84938
Bahrain,BH,2015,46775.74033
Bahrain,BH,2017,47526.90428
Bangladesh,BD,1990,832.4340817
Bangladesh,BD,1995,1048.184206
Bangladesh,BD,2000,1301.463285
Bangladesh,BD,2005,1718.402873
Bangladesh,BD,2010,2393.315832
Bangladesh,BD,2015,3335.759791
Bangladesh,BD,2017,3868.822303
Barbados,BB,1990,9329.383963
Barbados,BB,1995,9903.471761
Barbados,BB,2000,12260.2352
Barbados,BB,2005,14381.22563
Barbados,BB,2010,16085.84958
Barbados,BB,2015,17525.64926
Barbados,BB,2017,18639.45174
Belarus,BY,1990,5399.405575
Belarus,BY,1995,3974.93574
Belarus,BY,2000,5994.557257
Belarus,BY,2005,9984.19271
Belarus,BY,2010,15906.7562
Belarus,BY,2015,18347.1407
Belarus,BY,2017,18847.93389
Belgium,BE,1990,18768.80691
Belgium,BE,1995,22530.16064
Belgium,BE,2000,27983.99612
Belgium,BE,2005,33332.33135
Belgium,BE,2010,40091.00999
Belgium,BE,2015,45414.8906
Belgium,BE,2017,47840.19714
Belize,BZ,1990,3338.87067
Belize,BZ,1995,4526.658589
Belize,BZ,2000,5517.230644
Belize,BZ,2005,7010.18845
Belize,BZ,2010,7717.472528
Belize,BZ,2015,8654.855391
Belize,BZ,2017,8590.013256
Benin,BJ,1990,945.3767455
Benin,BJ,1995,1104.637026
Benin,BJ,2000,1320.889575
Benin,BJ,2005,1545.698265
Benin,BJ,2010,1781.987066
Benin,BJ,2015,2116.036775
Benin,BJ,2017,2266.231602
Bermuda,BM,1990,26210.9109
Bermuda,BM,1995,30621.69158
Bermuda,BM,2000,40535.20826
Bermuda,BM,2005,49877.28411
Bermuda,BM,2010,55254.21412
Bermuda,BM,2015,..
Bermuda,BM,2017,..
Bhutan,BT,1990,1502.880658
Bhutan,BT,1995,2112.168359
Bhutan,BT,2000,2804.932757
Bhutan,BT,2005,4026.341876
Bhutan,BT,2010,6289.814364
Bhutan,BT,2015,8245.605306
Bhutan,BT,2017,9560.774453
Bolivia,BO,1990,2396.114889
Bolivia,BO,1995,2993.81087
Bolivia,BO,2000,3497.279428
Bolivia,BO,2005,4180.318268
Bolivia,BO,2010,5298.084512
Bolivia,BO,2015,6955.18277
Bolivia,BO,2017,7559.639404
Bosnia and Herzegovina,BA,1990,..
Bosnia and Herzegovina,BA,1995,1202.660484
Bosnia and Herzegovina,BA,2000,4528.613045
Bosnia and Herzegovina,BA,2005,6453.186632
Bosnia and Herzegovina,BA,2010,9314.886031
Bosnia and Herzegovina,BA,2015,11526.42439
Bosnia and Herzegovina,BA,2017,12875.9691
Botswana,BW,1990,5242.045649
Botswana,BW,1995,6491.728103
Botswana,BW,2000,8251.81945
Botswana,BW,2005,10313.61119
Botswana,BW,2010,13064.46624
Botswana,BW,2015,16352.87933
Botswana,BW,2017,17354.19971
Brazil,BR,1990,6686.227659
Brazil,BR,1995,8073.132315
Brazil,BR,2000,9012.955425
Brazil,BR,2005,10950.56977
Brazil,BR,2010,14243.49214
Brazil,BR,2015,15656.26667
Brazil,BR,2017,15483.54083
British Virgin Islands,VG,1990,..
British Virgin Islands,VG,1995,..
British Virgin Islands,VG,2000,..
British Virgin Islands,VG,2005,..
British Virgin Islands,VG,2010,..
British Virgin Islands,VG,2015,..
British Virgin Islands,VG,2017,..
Brunei Darussalam,BN,1990,54726.56428
Brunei Darussalam,BN,1995,62787.25312
Brunei Darussalam,BN,2000,65034.83466
Brunei Darussalam,BN,2005,73873.29024
Brunei Darussalam,BN,2010,78923.39047
Brunei Darussalam,BN,2015,79439.06245
Brunei Darussalam,BN,2017,78836.12468
Bulgaria,BG,1990,5190.796795
Bulgaria,BG,1995,5319.71631
Bulgaria,BG,2000,6376.857463
Bulgaria,BG,2005,10211.31493
Bulgaria,BG,2010,14948.59757
Bulgaria,BG,2015,18115.23037
Bulgaria,BG,2017,20329.34361
Burkina Faso,BF,1990,545.7262408
Burkina Faso,BF,1995,651.2624504
Burkina Faso,BF,2000,852.3889727
Burkina Faso,BF,2005,1127.558743
Burkina Faso,BF,2010,1394.584727
Burkina Faso,BF,2015,1699.879935
Burkina Faso,BF,2017,1869.758161
Burundi,BI,1990,702.8798967
Burundi,BI,1995,634.1776899
Burundi,BI,2000,597.7181893
Burundi,BI,2005,644.7866027
Burundi,BI,2010,748.3806576
Burundi,BI,2015,796.9608114
Burundi,BI,2017,770.9413743
Cabo Verde,CV,1990,1070.914065
Cabo Verde,CV,1995,1766.821713
Cabo Verde,CV,2000,3039.919351
Cabo Verde,CV,2005,4134.497584
Cabo Verde,CV,2010,5710.344252
Cabo Verde,CV,2015,6298.803772
Cabo Verde,CV,2017,6831.460461
Cambodia,KH,1990,..
Cambodia,KH,1995,800.6316144
Cambodia,KH,2000,1097.755589
Cambodia,KH,2005,1753.441983
Cambodia,KH,2010,2471.891474
Cambodia,KH,2015,3504.418254
Cambodia,KH,2017,4001.756778
Cameroon,CM,1990,1952.243722
Cameroon,CM,1995,1737.992873
Cameroon,CM,2000,2063.823523
Cameroon,CM,2005,2519.090011
Cameroon,CM,2010,2870.562687
Cameroon,CM,2015,3502.407887
Cameroon,CM,2017,3694.199953
Canada,CA,1990,20107.83069
Canada,CA,1995,23354.27219
Canada,CA,2000,29185.35506
Canada,CA,2005,36134.60224
Canada,CA,2010,40027.24021
Canada,CA,2015,44647.36423
Canada,CA,2017,46704.89472
Caribbean small states,,1990,6067.576655
Caribbean small states,,1995,7302.272263
Caribbean small states,,2000,9055.307886
Caribbean small states,,2005,12099.68242
Caribbean small states,,2010,14245.95374
Caribbean small states,,2015,15829.14408
Caribbean small states,,2017,15761.21089
Cayman Islands,KY,1990,..
Cayman Islands,KY,1995,..
Cayman Islands,KY,2000,..
Cayman Islands,KY,2005,..
Cayman Islands,KY,2010,..
Cayman Islands,KY,2015,..
Cayman Islands,KY,2017,..
Central African Republic,CF,1990,597.8928698
Central African Republic,CF,1995,620.9372475
Central African Republic,CF,2000,644.4398952
Central African Republic,CF,2005,721.2489966
Central African Republic,CF,2010,863.3202047
Central African Republic,CF,2015,661.8876249
Central African Republic,CF,2017,725.9454195
Central Europe and the Baltics,,1990,6885.872378
Central Europe and the Baltics,,1995,7781.620288
Central Europe and the Baltics,,2000,10010.46817
Central Europe and the Baltics,,2005,14289.64337
Central Europe and the Baltics,,2010,20727.85787
Central Europe and the Baltics,,2015,25841.60932
Central Europe and the Baltics,,2017,28680.93919
Chad,TD,1990,717.7127561
Chad,TD,1995,758.932736
Chad,TD,2000,787.2251187
Chad,TD,2005,1596.835983
Chad,TD,2010,1886.251061
Chad,TD,2015,2201.182699
Chad,TD,2017,1941.175568
Channel Islands,,1990,..
Channel Islands,,1995,..
Channel Islands,,2000,..
Channel Islands,,2005,..
Channel Islands,,2010,..
Channel Islands,,2015,..
Channel Islands,,2017,..
Chile,CL,1990,4507.114744
Chile,CL,1995,7366.063872
Chile,CL,2000,9571.978941
Chile,CL,2005,12774.73122
Chile,CL,2010,18265.34253
Chile,CL,2015,22785.81803
Chile,CL,2017,24634.97021
China,CN,1990,986.5683762
China,CN,1995,1869.46632
China,CN,2000,2933.314817
China,CN,2005,5092.559837
China,CN,2010,9333.124237
China,CN,2015,14450.09499
China,CN,2017,16806.74186
Colombia,CO,1990,4869.161847
Colombia,CO,1995,6155.688861
Colombia,CO,2000,6585.334138
Colombia,CO,2005,8248.355342
Colombia,CO,2010,10680.00301
Colombia,CO,2015,13827.67279
Colombia,CO,2017,14552.00856
Comoros,KM,1990,1034.101551
Comoros,KM,1995,1048.324974
Comoros,KM,2000,1173.817526
Comoros,KM,2005,1310.265382
Comoros,KM,2010,1383.929694
Comoros,KM,2015,1504.716581
Comoros,KM,2017,1552.24585
"Congo, Dem. Rep.",CD,1990,896.3545346
"Congo, Dem. Rep.",CD,1995,577.5162017
"Congo, Dem. Rep.",CD,2000,454.3115405
"Congo, Dem. Rep.",CD,2005,528.9616984
"Congo, Dem. Rep.",CD,2010,646.8557934
"Congo, Dem. Rep.",CD,2015,865.0994627
"Congo, Dem. Rep.",CD,2017,887.2128626
"Congo, Rep.",CG,1990,3322.420799
"Congo, Rep.",CG,1995,3340.817519
"Congo, Rep.",CG,2000,3551.092649
"Congo, Rep.",CG,2005,4223.074355
"Congo, Rep.",CG,2010,5081.432145
"Congo, Rep.",CG,2015,5902.429651
"Congo, Rep.",CG,2017,5359.074336
Costa Rica,CR,1990,5033.099942
Costa Rica,CR,1995,6533.191429
Costa Rica,CR,2000,7829.812962
Costa Rica,CR,2005,9817.001194
Costa Rica,CR,2010,12737.02018
Costa Rica,CR,2015,15694.6192
Costa Rica,CR,2017,17044.18856
Cote d'Ivoire,CI,1990,2064.231664
Cote d'Ivoire,CI,1995,2113.226157
Cote d'Ivoire,CI,2000,2336.356921
Cote d'Ivoire,CI,2005,2388.432195
Cote d'Ivoire,CI,2010,2635.837771
Cote d'Ivoire,CI,2015,3451.877418
Cote d'Ivoire,CI,2017,3953.381325
Croatia,HR,1990,..
Croatia,HR,1995,7866.651355
Croatia,HR,2000,10753.2483
Croatia,HR,2005,14859.36027
Croatia,HR,2010,19239.74862
Croatia,HR,2015,22723.61426
Croatia,HR,2017,25264.43818
Cuba,CU,1990,..
Cuba,CU,1995,..
Cuba,CU,2000,..
Cuba,CU,2005,..
Cuba,CU,2010,..
Cuba,CU,2015,..
Cuba,CU,2017,..
Curacao,CW,1990,..
Curacao,CW,1995,..
Curacao,CW,2000,..
Curacao,CW,2005,..
Curacao,CW,2010,..
Curacao,CW,2015,..
Curacao,CW,2017,..
Cyprus,CY,1990,13178.99547
Cyprus,CY,1995,16885.67593
Cyprus,CY,2000,21709.15509
Cyprus,CY,2005,28169.55688
Cyprus,CY,2010,33263.01583
Cyprus,CY,2015,31523.92688
Cyprus,CY,2017,34503.47033
Czech Republic,CZ,1990,12666.46265
Czech Republic,CZ,1995,13751.5599
Czech Republic,CZ,2000,16188.22719
Czech Republic,CZ,2005,21956.38386
Czech Republic,CZ,2010,27694.40198
Czech Republic,CZ,2015,33468.7265
Czech Republic,CZ,2017,36327.25234
Denmark,DK,1990,18225.01898
Denmark,DK,1995,22659.48475
Denmark,DK,2000,28657.54079
Denmark,DK,2005,34150.1558
Denmark,DK,2010,43041.54202
Denmark,DK,2015,48674.84075
Denmark,DK,2017,51364.1447
Djibouti,DJ,1990,..
Djibouti,DJ,1995,..
Djibouti,DJ,2000,..
Djibouti,DJ,2005,..
Djibouti,DJ,2010,..
Djibouti,DJ,2015,..
Djibouti,DJ,2017,..
Dominica,DM,1990,4349.836077
Dominica,DM,1995,5265.555381
Dominica,DM,2000,6480.082683
Dominica,DM,2005,7874.891864
Dominica,DM,2010,9991.976286
Dominica,DM,2015,10586.77041
Dominica,DM,2017,10619.95158
Dominican Republic,DO,1990,3540.005792
Dominican Republic,DO,1995,4750.749932
Dominican Republic,DO,2000,6499.853498
Dominican Republic,DO,2005,8023.782318
Dominican Republic,DO,2010,10907.35641
Dominican Republic,DO,2015,14264.83549
Dominican Republic,DO,2017,16029.62371
Early-demographic dividend,,1990,2680.228834
Early-demographic dividend,,1995,3378.956221
Early-demographic dividend,,2000,4022.17412
Early-demographic dividend,,2005,5153.502202
Early-demographic dividend,,2010,6880.892994
Early-demographic dividend,,2015,8762.816615
Early-demographic dividend,,2017,9669.166679
East Asia & Pacific,,1990,3192.394808
East Asia & Pacific,,1995,4502.033347
East Asia & Pacific,,2000,5710.268109
East Asia & Pacific,,2005,8037.643444
East Asia & Pacific,,2010,11721.84539
East Asia & Pacific,,2015,16114.48315
East Asia & Pacific,,2017,18139.9479
East Asia & Pacific (IDA & IBRD countries),,1990,1454.757111
East Asia & Pacific (IDA & IBRD countries),,1995,2430.31014
East Asia & Pacific (IDA & IBRD countries),,2000,3324.899791
East Asia & Pacific (IDA & IBRD countries),,2005,5298.450453
East Asia & Pacific (IDA & IBRD countries),,2010,8838.670265
East Asia & Pacific (IDA & IBRD countries),,2015,13096.23133
East Asia & Pacific (IDA & IBRD countries),,2017,15062.24171
East Asia & Pacific (excluding high income),,1990,1439.044381
East Asia & Pacific (excluding high income),,1995,2403.857302
East Asia & Pacific (excluding high income),,2000,3289.053495
East Asia & Pacific (excluding high income),,2005,5241.443522
East Asia & Pacific (excluding high income),,2010,8744.620905
East Asia & Pacific (excluding high income),,2015,12958.52798
East Asia & Pacific (excluding high income),,2017,14904.79815
Ecuador,EC,1990,4829.416723
Ecuador,EC,1995,5633.172445
Ecuador,EC,2000,5855.634754
Ecuador,EC,2005,7664.289273
Ecuador,EC,2010,9163.159136
Ecuador,EC,2015,11446.36514
Ecuador,EC,2017,11617.42885
"Egypt, Arab Rep.",EG,1990,3819.28637
"Egypt, Arab Rep.",EG,1995,4587.984869
"Egypt, Arab Rep.",EG,2000,5856.221721
"Egypt, Arab Rep.",EG,2005,7124.489862
"Egypt, Arab Rep.",EG,2010,9658.065215
"Egypt, Arab Rep.",EG,2015,10750.4563
"Egypt, Arab Rep.",EG,2017,11582.594
El Salvador,SV,1990,2937.315707
El Salvador,SV,1995,3910.781542
El Salvador,SV,2000,4483.299147
El Salvador,SV,2005,5285.920731
El Salvador,SV,2010,6173.319341
El Salvador,SV,2015,7474.913704
El Salvador,SV,2017,8006.059219
Equatorial Guinea,GQ,1990,646.0128053
Equatorial Guinea,GQ,1995,1250.573679
Equatorial Guinea,GQ,2000,8554.627584
Equatorial Guinea,GQ,2005,27933.46545
Equatorial Guinea,GQ,2010,33041.18835
Equatorial Guinea,GQ,2015,29341.48771
Equatorial Guinea,GQ,2017,24816.86684
Eritrea,ER,1990,..
Eritrea,ER,1995,1156.421043
Eritrea,ER,2000,1330.93985
Eritrea,ER,2005,1450.333417
Eritrea,ER,2010,1387.714663
Eritrea,ER,2015,..
Eritrea,ER,2017,..
Estonia,EE,1990,..
Estonia,EE,1995,6283.491382
Estonia,EE,2000,9419.756951
Estonia,EE,2005,16516.14387
Estonia,EE,2010,21602.74074
Estonia,EE,2015,28688.96877
Estonia,EE,2017,31742.03187
Eswatini,SZ,1990,3476.087528
Eswatini,SZ,1995,4087.025224
Eswatini,SZ,2000,4628.369374
Eswatini,SZ,2005,6006.336156
Eswatini,SZ,2010,7148.912703
Eswatini,SZ,2015,8261.74606
Eswatini,SZ,2017,8496.269754
Ethiopia,ET,1990,421.3788236
Ethiopia,ET,1995,419.1141595
Ethiopia,ET,2000,490.0363908
Ethiopia,ET,2005,652.1060614
Ethiopia,ET,2010,1052.104262
Ethiopia,ET,2015,1632.551806
Ethiopia,ET,2017,1899.208126
Euro area,,1990,16947.57183
Euro area,,1995,20400.04421
Euro area,,2000,25317.12636
Euro area,,2005,30106.4643
Euro area,,2010,35842.43756
Euro area,,2015,40864.7359
Euro area,,2017,43637.10905
Europe & Central Asia,,1990,11561.43895
Europe & Central Asia,,1995,12627.89199
Europe & Central Asia,,2000,15848.96481
Europe & Central Asia,,2005,20261.96758
Europe & Central Asia,,2010,26010.07248
Europe & Central Asia,,2015,30654.8667
Europe & Central Asia,,2017,32616.62361
Europe & Central Asia (IDA & IBRD countries),,1990,6429.480471
Europe & Central Asia (IDA & IBRD countries),,1995,5214.228616
Europe & Central Asia (IDA & IBRD countries),,2000,6524.292492
Europe & Central Asia (IDA & IBRD countries),,2005,10017.88552
Europe & Central Asia (IDA & IBRD countries),,2010,15743.07061
Europe & Central Asia (IDA & IBRD countries),,2015,19838.61971
Europe & Central Asia (IDA & IBRD countries),,2017,21247.07003
Europe & Central Asia (excluding high income),,1990,6428.039448
Europe & Central Asia (excluding high income),,1995,4941.293393
Europe & Central Asia (excluding high income),,2000,6074.517793
Europe & Central Asia (excluding high income),,2005,9586.585219
Europe & Central Asia (excluding high income),,2010,15196.63939
Europe & Central Asia (excluding high income),,2015,19184.3161
Europe & Central Asia (excluding high income),,2017,20496.26979
European Union,,1990,14984.42735
European Union,,1995,17991.88312
European Union,,2000,22572.63018
European Union,,2005,27505.43046
European Union,,2010,33259.68977
European Union,,2015,38457.37629
European Union,,2017,41125.60181
Faroe Islands,FO,1990,..
Faroe Islands,FO,1995,..
Faroe Islands,FO,2000,..
Faroe Islands,FO,2005,..
Faroe Islands,FO,2010,..
Faroe Islands,FO,2015,..
Faroe Islands,FO,2017,..
Fiji,FJ,1990,3807.735433
Fiji,FJ,1995,4583.860438
Fiji,FJ,2000,5289.881521
Fiji,FJ,2005,6612.747688
Fiji,FJ,2010,7203.365693
Fiji,FJ,2015,9027.542438
Fiji,FJ,2017,9554.602534
Finland,FI,1990,18158.93858
Finland,FI,1995,19556.56777
Finland,FI,2000,26748.63105
Finland,FI,2005,31993.40726
Finland,FI,2010,38775.17486
Finland,FI,2015,42071.19127
Finland,FI,2017,44865.84091
Fragile and conflict affected situations,,1990,1822.383408
Fragile and conflict affected situations,,1995,1725.132607
Fragile and conflict affected situations,,2000,2421.023482
Fragile and conflict affected situations,,2005,2875.164047
Fragile and conflict affected situations,,2010,3729.316075
Fragile and conflict affected situations,,2015,4144.105176
Fragile and conflict affected situations,,2017,4394.369391
France,FR,1990,17566.3039
France,FR,1995,20744.00698
France,FR,2000,26090.10166
France,FR,2005,30498.57929
France,FR,2010,35935.0262
France,FR,2015,40564.46071
France,FR,2017,42850.38628
French Polynesia,PF,1990,..
French Polynesia,PF,1995,..
French Polynesia,PF,2000,..
French Polynesia,PF,2005,..
French Polynesia,PF,2010,..
French Polynesia,PF,2015,..
French Polynesia,PF,2017,..
Gabon,GA,1990,12604.09454
Gabon,GA,1995,14506.07003
Gabon,GA,2000,14095.07303
Gabon,GA,2005,14961.75104
Gabon,GA,2010,15045.15818
Gabon,GA,2015,17928.89201
Gabon,GA,2017,18183.12368
"Gambia, The",GM,1990,973.6391224
"Gambia, The",GM,1995,1047.731408
"Gambia, The",GM,2000,1228.245776
"Gambia, The",GM,2005,1365.193894
"Gambia, The",GM,2010,1610.981598
"Gambia, The",GM,2015,1669.74581
"Gambia, The",GM,2017,1714.5931
Georgia,GE,1990,5174.868229
Georgia,GE,1995,1673.122625
Georgia,GE,2000,2587.027809
Georgia,GE,2005,4364.786505
Georgia,GE,2010,6597.568549
Georgia,GE,2015,9610.543382
Georgia,GE,2017,10698.68087
Germany,DE,1990,19433.15745
Germany,DE,1995,23579.54937
Germany,DE,2000,27293.76756
Germany,DE,2005,31968.46745
Germany,DE,2010,39225.59999
Germany,DE,2015,47810.83601
Germany,DE,2017,50638.89096
Ghana,GH,1990,1240.701882
Ghana,GH,1995,1506.466231
Ghana,GH,2000,1790.597787
Ghana,GH,2005,2260.999579
Ghana,GH,2010,2997.496491
Ghana,GH,2015,4181.412842
Ghana,GH,2017,4641.323379
Gibraltar,GI,1990,..
Gibraltar,GI,1995,..
Gibraltar,GI,2000,..
Gibraltar,GI,2005,..
Gibraltar,GI,2010,..
Gibraltar,GI,2015,..
Gibraltar,GI,2017,..
Greece,GR,1990,13297.97768
Greece,GR,1995,15407.64136
Greece,GR,2000,19515.78932
Greece,GR,2005,25577.52408
Greece,GR,2010,28175.85552
Greece,GR,2015,26697.2485
Greece,GR,2017,27601.90492
Greenland,GL,1990,..
Greenland,GL,1995,..
Greenland,GL,2000,..
Greenland,GL,2005,..
Greenland,GL,2010,..
Greenland,GL,2015,..
Greenland,GL,2017,..
Grenada,GD,1990,4680.458984
Grenada,GD,1995,5190.151366
Grenada,GD,2000,7650.044921
Grenada,GD,2005,10590.16818
Grenada,GD,2010,10951.88411
Grenada,GD,2015,13585.50464
Grenada,GD,2017,14924.10194
Guam,GU,1990,..
Guam,GU,1995,..
Guam,GU,2000,..
Guam,GU,2005,..
Guam,GU,2010,..
Guam,GU,2015,..
Guam,GU,2017,..
Guatemala,GT,1990,3296.802127
Guatemala,GT,1995,4081.59352
Guatemala,GT,2000,4811.825621
Guatemala,GT,2005,5582.008758
Guatemala,GT,2010,6578.247295
Guatemala,GT,2015,7765.757271
Guatemala,GT,2017,8150.262204
Guinea,GN,1990,912.58924
Guinea,GN,1995,956.5525886
Guinea,GN,2000,1126.034378
Guinea,GN,2005,1339.178009
Guinea,GN,2010,1541.714301
Guinea,GN,2015,1872.367758
Guinea,GN,2017,2194.530036
Guinea-Bissau,GW,1990,1017.245405
Guinea-Bissau,GW,1995,1194.016499
Guinea-Bissau,GW,2000,1080.622902
Guinea-Bissau,GW,2005,1191.608219
Guinea-Bissau,GW,2010,1372.035864
Guinea-Bissau,GW,2015,1540.315132
Guinea-Bissau,GW,2017,1700.219832
Guyana,GY,1990,1837.61744
Guyana,GY,1995,2851.883235
Guyana,GY,2000,3584.189022
Guyana,GY,2005,4183.794746
Guyana,GY,2010,5729.563121
Guyana,GY,2015,7535.976471
Guyana,GY,2017,8162.60154
Haiti,HT,1990,..
Haiti,HT,1995,..
Haiti,HT,2000,1378.692051
Haiti,HT,2005,1390.757782
Haiti,HT,2010,1471.648649
Haiti,HT,2015,1758.33446
Haiti,HT,2017,1814.943236
Heavily indebted poor countries (HIPC),,1990,958.1882312
Heavily indebted poor countries (HIPC),,1995,992.5831888
Heavily indebted poor countries (HIPC),,2000,1138.033419
Heavily indebted poor countries (HIPC),,2005,1405.698159
Heavily indebted poor countries (HIPC),,2010,1786.866235
Heavily indebted poor countries (HIPC),,2015,2209.715002
Heavily indebted poor countries (HIPC),,2017,2379.851947
High income,,1990,17836.30081
High income,,1995,21844.64126
High income,,2000,27229.87128
High income,,2005,33186.39735
High income,,2010,38354.58008
High income,,2015,44718.32709
High income,,2017,47304.58123
Honduras,HN,1990,2049.955993
Honduras,HN,1995,2388.322805
Honduras,HN,2000,2638.272292
Honduras,HN,2005,3291.9321
Honduras,HN,2010,3890.851407
Honduras,HN,2015,4599.650144
Honduras,HN,2017,4986.23136
"Hong Kong SAR, China",HK,1990,17434.29402
"Hong Kong SAR, China",HK,1995,23592.27519
"Hong Kong SAR, China",HK,2000,26962.55949
"Hong Kong SAR, China",HK,2005,36437.42763
"Hong Kong SAR, China",HK,2010,47134.55565
"Hong Kong SAR, China",HK,2015,57068.04043
"Hong Kong SAR, China",HK,2017,61540.15831
Hungary,HU,1990,..
Hungary,HU,1995,9175.992438
Hungary,HU,2000,11876.08117
Hungary,HU,2005,17081.77434
Hungary,HU,2010,21555.85911
Hungary,HU,2015,26147.53737
Hungary,HU,2017,28107.8918
IBRD only,,1990,2818.602374
IBRD only,,1995,3457.745532
IBRD only,,2000,4384.130037
IBRD only,,2005,6209.942483
IBRD only,,2010,9290.699748
IBRD only,,2015,12350.29247
IBRD only,,2017,13739.62968
IDA & IBRD total,,1990,2516.562127
IDA & IBRD total,,1995,3035.310876
IDA & IBRD total,,2000,3791.152239
IDA & IBRD total,,2005,5299.591649
IDA & IBRD total,,2010,7761.156094
IDA & IBRD total,,2015,10149.80067
IDA & IBRD total,,2017,11203.63426
IDA blend,,1990,1937.226484
IDA blend,,1995,2124.366097
IDA blend,,2000,2394.481217
IDA blend,,2005,3311.316999
IDA blend,,2010,4214.14392
IDA blend,,2015,5144.480705
IDA blend,,2017,5363.868181
IDA only,,1990,962.4430325
IDA only,,1995,1048.741403
IDA only,,2000,1257.233878
IDA only,,2005,1639.073714
IDA only,,2010,2187.970213
IDA only,,2015,2723.796089
IDA only,,2017,2974.771794
IDA total,,1990,1299.128721
IDA total,,1995,1418.128381
IDA total,,2000,1643.15495
IDA total,,2005,2203.761524
IDA total,,2010,2869.559655
IDA total,,2015,3537.356365
IDA total,,2017,3774.646407
Iceland,IS,1990,21637.48664
Iceland,IS,1995,23561.47891
Iceland,IS,2000,29453.42665
Iceland,IS,2005,36965.14032
Iceland,IS,2010,38535.32706
Iceland,IS,2015,47499.62538
Iceland,IS,2017,53152.69889
India,IN,1990,1134.222274
India,IN,1995,1485.02944
India,IN,2000,1977.645023
India,IN,2005,2830.405074
India,IN,2010,4315.596024
India,IN,2015,6130.067515
India,IN,2017,7055.55483
Indonesia,ID,1990,2989.53415
Indonesia,ID,1995,4383.94503
Indonesia,ID,2000,4601.849337
Indonesia,ID,2005,6076.577888
Indonesia,ID,2010,8262.899269
Indonesia,ID,2015,11040.19721
Indonesia,ID,2017,12283.61543
"Iran, Islamic Rep.",IR,1990,7363.390293
"Iran, Islamic Rep.",IR,1995,9069.26243
"Iran, Islamic Rep.",IR,2000,10411.54924
"Iran, Islamic Rep.",IR,2005,13904.59514
"Iran, Islamic Rep.",IR,2010,17579.87394
"Iran, Islamic Rep.",IR,2015,17571.22224
"Iran, Islamic Rep.",IR,2017,20949.944
Iraq,IQ,1990,7446.875137
Iraq,IQ,1995,4783.441854
Iraq,IQ,2000,9651.690102
Iraq,IQ,2005,9701.238097
Iraq,IQ,2010,12460.33797
Iraq,IQ,2015,16050.56191
Iraq,IQ,2017,17196.78104
Ireland,IE,1990,13745.44537
Ireland,IE,1995,18936.25773
Ireland,IE,2000,30173.20484
Ireland,IE,2005,40438.10514
Ireland,IE,2010,43298.69414
Ireland,IE,2015,68576.74433
Ireland,IE,2017,75648.23285
Isle of Man,IM,1990,..
Isle of Man,IM,1995,..
Isle of Man,IM,2000,..
Isle of Man,IM,2005,..
Isle of Man,IM,2010,..
Isle of Man,IM,2015,..
Isle of Man,IM,2017,..
Israel,IL,1990,15048.46573
Israel,IL,1995,19746.4423
Israel,IL,2000,24935.34976
Israel,IL,2005,24819.9541
Israel,IL,2010,28828.32153
Israel,IL,2015,35888.87589
Israel,IL,2017,38261.67512
Italy,IT,1990,18557.10598
Italy,IT,1995,22284.67881
Italy,IT,2000,27022.86161
Italy,IT,2005,30051.77327
Italy,IT,2010,35042.19537
Italy,IT,2015,36640.11558
Italy,IT,2017,39426.9408
Jamaica,JM,1990,4709.019168
Jamaica,JM,1995,6159.026516
Jamaica,JM,2000,6286.541527
Jamaica,JM,2005,7488.696798
Jamaica,JM,2010,7834.270978
Jamaica,JM,2015,8620.356524
Jamaica,JM,2017,8995.350211
Japan,JP,1990,19436.52122
Japan,JP,1995,23403.22482
Japan,JP,2000,26838.86865
Japan,JP,2005,31663.4531
Japan,JP,2010,35000.32121
Japan,JP,2015,40717.32438
Japan,JP,2017,43278.98933
Jordan,JO,1990,4061.075701
Jordan,JO,1995,5027.300295
Jordan,JO,2000,5734.639122
Jordan,JO,2005,7835.0884
Jordan,JO,2010,9281.147212
Jordan,JO,2015,9041.817565
Jordan,JO,2017,9153.35242
Kazakhstan,KZ,1990,8434.960627
Kazakhstan,KZ,1995,6039.10301
Kazakhstan,KZ,2000,7887.892984
Kazakhstan,KZ,2005,14259.0187
Kazakhstan,KZ,2010,19690.03391
Kazakhstan,KZ,2015,25049.93554
Kazakhstan,KZ,2017,26409.54118
Kenya,KE,1990,1538.59282
Kenya,KE,1995,1607.22232
Kenya,KE,2000,1690.012246
Kenya,KE,2005,1980.260396
Kenya,KE,2010,2425.92444
Kenya,KE,2015,3019.951952
Kenya,KE,2017,3285.910409
Kiribati,KI,1990,1267.537114
Kiribati,KI,1995,1378.767071
Kiribati,KI,2000,1590.908787
Kiribati,KI,2005,1759.55826
Kiribati,KI,2010,1696.511974
Kiribati,KI,2015,2094.910004
Kiribati,KI,2017,2174.994973
"Korea, Dem. People’s Rep.",KP,1990,..
"Korea, Dem. People’s Rep.",KP,1995,..
"Korea, Dem. People’s Rep.",KP,2000,..
"Korea, Dem. People’s Rep.",KP,2005,..
"Korea, Dem. People’s Rep.",KP,2010,..
"Korea, Dem. People’s Rep.",KP,2015,..
"Korea, Dem. People’s Rep.",KP,2017,..
"Korea, Rep.",KR,1990,8276.034959
"Korea, Rep.",KR,1995,13295.51969
"Korea, Rep.",KR,2000,18083.0841
"Korea, Rep.",KR,2005,24196.42385
"Korea, Rep.",KR,2010,30376.87182
"Korea, Rep.",KR,2015,35203.73414
"Korea, Rep.",KR,2017,38335.27048
Kosovo,,1990,..
Kosovo,,1995,..
Kosovo,,2000,3664.141594
Kosovo,,2005,5963.960455
Kosovo,,2010,7745.718188
Kosovo,,2015,9748.773845
Kosovo,,2017,10754.40217
Kuwait,KW,1990,..
Kuwait,KW,1995,59069.64595
Kuwait,KW,2000,55420.72265
Kuwait,KW,2005,83224.57488
Kuwait,KW,2010,73682.86838
Kuwait,KW,2015,72918.00376
Kuwait,KW,2017,71943.00888
Kyrgyz Republic,KG,1990,2245.792715
Kyrgyz Republic,KG,1995,1236.819912
Kyrgyz Republic,KG,2000,1644.311975
Kyrgyz Republic,KG,2005,2110.377936
Kyrgyz Republic,KG,2010,2733.729337
Kyrgyz Republic,KG,2015,3447.60825
Kyrgyz Republic,KG,2017,3725.541023
Lao PDR,LA,1990,1103.958956
Lao PDR,LA,1995,1475.413015
Lao PDR,LA,2000,1969.701704
Lao PDR,LA,2005,2773.571076
Lao PDR,LA,2010,4133.441868
Lao PDR,LA,2015,6128.358238
Lao PDR,LA,2017,7023.371679
Late-demographic dividend,,1990,2849.288896
Late-demographic dividend,,1995,3591.680091
Late-demographic dividend,,2000,4737.911475
Late-demographic dividend,,2005,7235.114798
Late-demographic dividend,,2010,11547.97533
Late-demographic dividend,,2015,15950.39862
Late-demographic dividend,,2017,17783.74277
Latin America & Caribbean,,1990,5811.364549
Latin America & Caribbean,,1995,7483.190654
Latin America & Caribbean,,2000,8708.467408
Latin America & Caribbean,,2005,10451.03337
Latin America & Caribbean,,2010,13293.33279
Latin America & Caribbean,,2015,15306.5141
Latin America & Caribbean,,2017,15776.93536
Latin America & Caribbean (excluding high income),,1990,5643.867814
Latin America & Caribbean (excluding high income),,1995,7128.518867
Latin America & Caribbean (excluding high income),,2000,8232.517141
Latin America & Caribbean (excluding high income),,2005,9853.00404
Latin America & Caribbean (excluding high income),,2010,12461.30737
Latin America & Caribbean (excluding high income),,2015,14349.24172
Latin America & Caribbean (excluding high income),,2017,14761.09392
Latin America & the Caribbean (IDA & IBRD countries),,1990,5779.608292
Latin America & the Caribbean (IDA & IBRD countries),,1995,7437.016234
Latin America & the Caribbean (IDA & IBRD countries),,2000,8628.478264
Latin America & the Caribbean (IDA & IBRD countries),,2005,10339.17123
Latin America & the Caribbean (IDA & IBRD countries),,2010,13201.29012
Latin America & the Caribbean (IDA & IBRD countries),,2015,15217.99063
Latin America & the Caribbean (IDA & IBRD countries),,2017,15681.46499
Latvia,LV,1990,..
Latvia,LV,1995,5507.921283
Latvia,LV,2000,8018.050373
Latvia,LV,2005,13847.63412
Latvia,LV,2010,17575.7297
Latvia,LV,2015,24510.16206
Latvia,LV,2017,27598.32909
Least developed countries: UN classification,,1990,843.7941485
Least developed countries: UN classification,,1995,928.6117618
Least developed countries: UN classification,,2000,1123.731974
Least developed countries: UN classification,,2005,1506.632078
Least developed countries: UN classification,,2010,2073.934751
Least developed countries: UN classification,,2015,2541.162584
Least developed countries: UN classification,,2017,2740.111111
Lebanon,LB,1990,5078.706758
Lebanon,LB,1995,9076.835045
Lebanon,LB,2000,9933.079261
Lebanon,LB,2005,10924.51068
Lebanon,LB,2010,16118.96329
Lebanon,LB,2015,14218.82972
Lebanon,LB,2017,14675.64435
Lesotho,LS,1990,891.5517315
Lesotho,LS,1995,1187.24195
Lesotho,LS,2000,1411.816863
Lesotho,LS,2005,1744.531577
Lesotho,LS,2010,2317.828928
Lesotho,LS,2015,2883.811087
Lesotho,LS,2017,3130.151508
Liberia,LR,1990,565.6639428
Liberia,LR,1995,180.4061666
Liberia,LR,2000,664.7766667
Liberia,LR,2005,532.3540947
Liberia,LR,2010,685.5006861
Liberia,LR,2015,836.181489
Liberia,LR,2017,826.4516826
Libya,LY,1990,..
Libya,LY,1995,..
Libya,LY,2000,17375.64648
Libya,LY,2005,23189.82724
Libya,LY,2010,29030.84338
Libya,LY,2015,15810.25223
Libya,LY,2017,19631.29944
Liechtenstein,LI,1990,..
Liechtenstein,LI,1995,..
Liechtenstein,LI,2000,..
Liechtenstein,LI,2005,..
Liechtenstein,LI,2010,..
Liechtenstein,LI,2015,..
Liechtenstein,LI,2017,..
Lithuania,LT,1990,..
Lithuania,LT,1995,5923.6037
Lithuania,LT,2000,8456.32163
Lithuania,LT,2005,14526.13395
Lithuania,LT,2010,20110.33897
Lithuania,LT,2015,28783.66677
Lithuania,LT,2017,32092.49739
Low & middle income,,1990,2424.795562
Low & middle income,,1995,2906.958003
Low & middle income,,2000,3634.260501
Low & middle income,,2005,5119.559974
Low & middle income,,2010,7521.379819
Low & middle income,,2015,9887.33762
Low & middle income,,2017,10936.08373
Low income,,1990,933.977922
Low income,,1995,944.4584513
Low income,,2000,1081.098583
Low income,,2005,1320.75608
Low income,,2010,1672.521244
Low income,,2015,1963.729937
Low income,,2017,2072.915001
Lower middle income,,1990,1766.383137
Lower middle income,,1995,2080.024131
Lower middle income,,2000,2512.699545
Lower middle income,,2005,3467.533039
Lower middle income,,2010,4869.920392
Lower middle income,,2015,6446.565515
Lower middle income,,2017,7192.119178
Luxembourg,LU,1990,29680.28752
Luxembourg,LU,1995,39632.95704
Luxembourg,LU,2000,55340.09732
Luxembourg,LU,2005,68220.06448
Luxembourg,LU,2010,85696.99591
Luxembourg,LU,2015,102517.1382
Luxembourg,LU,2017,103744.7598
"Macao SAR, China",MO,1990,26089.45655
"Macao SAR, China",MO,1995,34914.53009
"Macao SAR, China",MO,2000,33469.13162
"Macao SAR, China",MO,2005,57162.53524
"Macao SAR, China",MO,2010,96198.202
"Macao SAR, China",MO,2015,106959.8763
"Macao SAR, China",MO,2017,115123.0782
"Macedonia, FYR",MK,1990,5256.844668
"Macedonia, FYR",MK,1995,4703.80663
"Macedonia, FYR",MK,2000,6126.103283
"Macedonia, FYR",MK,2005,7759.728958
"Macedonia, FYR",MK,2010,11284.80918
"Macedonia, FYR",MK,2015,13766.31883
"Macedonia, FYR",MK,2017,15231.3326
Madagascar,MG,1990,1068.491219
Madagascar,MG,1995,1020.603083
Madagascar,MG,2000,1144.578853
Madagascar,MG,2005,1237.201112
Madagascar,MG,2010,1357.654563
Madagascar,MG,2015,1466.497463
Madagascar,MG,2017,1555.044799
Malawi,MW,1990,480.9991622
Malawi,MW,1995,598.4269158
Malawi,MW,2000,686.3825764
Malawi,MW,2005,748.0958764
Malawi,MW,2010,1012.067458
Malawi,MW,2015,1159.319842
Malawi,MW,2017,1202.197126
Malaysia,MY,1990,6819.885822
Malaysia,MY,1995,10645.65457
Malaysia,MY,2000,12927.84405
Malaysia,MY,2005,16540.90162
Malaysia,MY,2010,20680.29685
Malaysia,MY,2015,26623.32837
Malaysia,MY,2017,29431.46945
Maldives,MV,1990,..
Maldives,MV,1995,5671.603128
Maldives,MV,2000,7742.577293
Maldives,MV,2005,8257.553604
Maldives,MV,2010,11762.64972
Maldives,MV,2015,14593.9729
Maldives,MV,2017,16669.40493
Mali,ML,1990,822.002533
Mali,ML,1995,955.0949561
Mali,ML,2000,1159.551873
Mali,ML,2005,1567.708574
Mali,ML,2010,1834.117059
Mali,ML,2015,2043.718105
Mali,ML,2017,2211.415206
Malta,MT,1990,9343.353424
Malta,MT,1995,12915.27558
Malta,MT,2000,19422.71414
Malta,MT,2005,22232.57537
Malta,MT,2010,27836.06147
Malta,MT,2015,35787.87696
Malta,MT,2017,39534.92022
Marshall Islands,MH,1990,1879.459551
Marshall Islands,MH,1995,2560.128961
Marshall Islands,MH,2000,2293.737344
Marshall Islands,MH,2005,2881.109185
Marshall Islands,MH,2010,3408.776762
Marshall Islands,MH,2015,3903.127907
Marshall Islands,MH,2017,4192.929073
Mauritania,MR,1990,1814.084811
Mauritania,MR,1995,2086.572357
Mauritania,MR,2000,2180.644244
Mauritania,MR,2005,2658.436435
Mauritania,MR,2010,3249.876929
Mauritania,MR,2015,3835.230926
Mauritania,MR,2017,3949.677854
Mauritius,MU,1990,4774.348669
Mauritius,MU,1995,6448.993211
Mauritius,MU,2000,8780.062692
Mauritius,MU,2005,11078.02723
Mauritius,MU,2010,15616.00684
Mauritius,MU,2015,20087.71538
Mauritius,MU,2017,22278.48548
Mexico,MX,1990,6037.003546
Mexico,MX,1995,8390.342787
Mexico,MX,2000,10799.05835
Mexico,MX,2005,12369.75975
Mexico,MX,2010,14858.53865
Mexico,MX,2015,17239.32066
Mexico,MX,2017,18258.09621
"Micronesia, Fed. Sts.",FM,1990,1758.708959
"Micronesia, Fed. Sts.",FM,1995,2286.77923
"Micronesia, Fed. Sts.",FM,2000,2472.299737
"Micronesia, Fed. Sts.",FM,2005,2898.409605
"Micronesia, Fed. Sts.",FM,2010,3230.949855
"Micronesia, Fed. Sts.",FM,2015,3483.455937
"Micronesia, Fed. Sts.",FM,2017,3622.331967
Middle East & North Africa,,1990,7696.416063
Middle East & North Africa,,1995,9004.798141
Middle East & North Africa,,2000,10818.20877
Middle East & North Africa,,2005,13528.24932
Middle East & North Africa,,2010,16456.69869
Middle East & North Africa,,2015,18676.31894
Middle East & North Africa,,2017,19893.57243
Middle East & North Africa (IDA & IBRD countries),,1990,5266.794194
Middle East & North Africa (IDA & IBRD countries),,1995,5849.041275
Middle East & North Africa (IDA & IBRD countries),,2000,7337.15724
Middle East & North Africa (IDA & IBRD countries),,2005,9245.486262
Middle East & North Africa (IDA & IBRD countries),,2010,11663.90558
Middle East & North Africa (IDA & IBRD countries),,2015,12392.03253
Middle East & North Africa (IDA & IBRD countries),,2017,13677.21456
Middle East & North Africa (excluding high income),,1990,5236.68677
Middle East & North Africa (excluding high income),,1995,5810.462401
Middle East & North Africa (excluding high income),,2000,7294.829154
Middle East & North Africa (excluding high income),,2005,9187.941109
Middle East & North Africa (excluding high income),,2010,11576.41915
Middle East & North Africa (excluding high income),,2015,12302.29818
Middle East & North Africa (excluding high income),,2017,13567.35135
Middle income,,1990,2567.371295
Middle income,,1995,3102.227315
Middle income,,2000,3903.193754
Middle income,,2005,5547.064658
Middle income,,2010,8228.130212
Middle income,,2015,10909.86247
Middle income,,2017,12111.87692
Moldova,MD,1990,..
Moldova,MD,1995,1899.622233
Moldova,MD,2000,1839.712736
Moldova,MD,2005,2945.080151
Moldova,MD,2010,3831.749187
Moldova,MD,2015,5054.682473
Moldova,MD,2017,5697.834883
Monaco,MC,1990,..
Monaco,MC,1995,..
Monaco,MC,2000,..
Monaco,MC,2005,..
Monaco,MC,2010,..
Monaco,MC,2015,..
Monaco,MC,2017,..
Mongolia,MN,1990,3310.861431
Mongolia,MN,1995,3094.184139
Mongolia,MN,2000,3689.703496
Mongolia,MN,2005,5384.323071
Mongolia,MN,2010,7552.665586
Mongolia,MN,2015,12152.17138
Mongolia,MN,2017,12999.5288
Montenegro,ME,1990,..
Montenegro,ME,1995,..
Montenegro,ME,2000,6001.709187
Montenegro,ME,2005,8313.692214
Montenegro,ME,2010,13648.23275
Montenegro,ME,2015,16272.19565
Montenegro,ME,2017,18765.1058
Morocco,MA,1990,2528.458556
Morocco,MA,1995,2854.5881
Morocco,MA,2000,3553.994247
Morocco,MA,2005,4773.984071
Morocco,MA,2010,6312.915427
Morocco,MA,2015,7770.245991
Morocco,MA,2017,8217.456796
Mozambique,MZ,1990,244.6592081
Mozambique,MZ,1995,272.2719658
Mozambique,MZ,2000,445.1502637
Mozambique,MZ,2005,661.0487226
Mozambique,MZ,2010,899.1987281
Mozambique,MZ,2015,1190.755747
Mozambique,MZ,2017,1247.275563
Myanmar,MM,1990,480.2066369
Myanmar,MM,1995,675.8951196
Myanmar,MM,2000,1035.524118
Myanmar,MM,2005,2025.540178
Myanmar,MM,2010,3645.936435
Myanmar,MM,2015,5384.869389
Myanmar,MM,2017,6138.761026
Namibia,,1990,3696.56091
Namibia,,1995,4298.183267
Namibia,,2000,4839.87524
Namibia,,2005,6464.093344
Namibia,,2010,8289.696027
Namibia,,2015,10622.15643
Namibia,,2017,10475.51927
Nauru,NR,1990,..
Nauru,NR,1995,..
Nauru,NR,2000,..
Nauru,NR,2005,..
Nauru,NR,2010,6459.080878
Nauru,NR,2015,13066.20362
Nauru,NR,2017,14157.53321
Nepal,NP,1990,774.2732467
Nepal,NP,1995,985.5234149
Nepal,NP,2000,1220.424872
Nepal,NP,2005,1499.722461
Nepal,NP,2010,1945.806681
Nepal,NP,2015,2464.389033
Nepal,NP,2017,2681.843838
Netherlands,NL,1990,18910.91252
Netherlands,NL,1995,23109.29325
Netherlands,NL,2000,31591.92861
Netherlands,NL,2005,37265.34509
Netherlands,NL,2010,44542.83655
Netherlands,NL,2015,49527.66966
Netherlands,NL,2017,52503.26827
New Caledonia,NC,1990,..
New Caledonia,NC,1995,..
New Caledonia,NC,2000,..
New Caledonia,NC,2005,..
New Caledonia,NC,2010,..
New Caledonia,NC,2015,..
New Caledonia,NC,2017,..
New Zealand,NZ,1990,14874.73123
New Zealand,NZ,1995,17904.35837
New Zealand,NZ,2000,21509.41191
New Zealand,NZ,2005,25677.1039
New Zealand,NZ,2010,31265.73845
New Zealand,NZ,2015,37864.99954
New Zealand,NZ,2017,41109.00768
Nicaragua,NI,1990,1941.273584
Nicaragua,NI,1995,2149.458712
Nicaragua,NI,2000,2739.388794
Nicaragua,NI,2005,3358.645014
Nicaragua,NI,2010,3947.216766
Nicaragua,NI,2015,5278.44924
Nicaragua,NI,2017,5842.171881
Niger,NE,1990,578.1712435
Niger,NE,1995,572.0576476
Niger,NE,2000,597.1897004
Niger,NE,2005,679.5562182
Niger,NE,2010,797.7699585
Niger,NE,2015,967.0846194
Niger,NE,2017,1016.613626
Nigeria,NG,1990,1965.827996
Nigeria,NG,1995,2005.079214
Nigeria,NG,2000,2257.525221
Nigeria,NG,2005,3694.485774
Nigeria,NG,2010,5045.978167
Nigeria,NG,2015,6038.462315
Nigeria,NG,2017,5860.84706
North America,,1990,23569.69156
North America,,1995,28243.7063
North America,,2000,35736.50624
North America,,2005,43503.57537
North America,,2010,47550.0533
North America,,2015,55259.59286
North America,,2017,58232.88143
Northern Mariana Islands,MP,1990,..
Northern Mariana Islands,MP,1995,..
Northern Mariana Islands,MP,2000,..
Northern Mariana Islands,MP,2005,..
Northern Mariana Islands,MP,2010,..
Northern Mariana Islands,MP,2015,..
Northern Mariana Islands,MP,2017,..
Norway,NO,1990,18442.12536
Norway,NO,1995,24320.86866
Norway,NO,2000,36950.49466
Norway,NO,2005,47772.43008
Norway,NO,2010,58022.03349
Norway,NO,2015,61722.23991
Norway,NO,2017,61414.28137
Not classified,,1990,..
Not classified,,1995,..
Not classified,,2000,..
Not classified,,2005,..
Not classified,,2010,..
Not classified,,2015,..
Not classified,,2017,..
OECD members,,1990,16626.23748
OECD members,,1995,20178.75617
OECD members,,2000,25194.96272
OECD members,,2005,30438.23945
OECD members,,2010,35133.96742
OECD members,,2015,40918.86775
OECD members,,2017,43351.39718
Oman,OM,1990,22648.88883
Oman,OM,1995,27936.61014
Oman,OM,2000,34848.67962
Oman,OM,2005,36914.22638
Oman,OM,2010,44418.77038
Oman,OM,2015,42459.75058
Oman,OM,2017,41675.34375
Other small states,,1990,..
Other small states,,1995,..
Other small states,,2000,10634.57078
Other small states,,2005,14470.68133
Other small states,,2010,21082.52073
Other small states,,2015,24980.14714
Other small states,,2017,25772.66432
Pacific island small states,,1990,2656.795013
Pacific island small states,,1995,3226.827077
Pacific island small states,,2000,3570.783893
Pacific island small states,,2005,4272.607852
Pacific island small states,,2010,4678.767184
Pacific island small states,,2015,5617.41536
Pacific island small states,,2017,5940.713352
Pakistan,PK,1990,1974.517294
Pakistan,PK,1995,2448.166983
Pakistan,PK,2000,2770.166499
Pakistan,PK,2005,3573.525102
Pakistan,PK,2010,4196.955809
Pakistan,PK,2015,5000.283839
Pakistan,PK,2017,5527.377674
Palau,PW,1990,..
Palau,PW,1995,..
Palau,PW,2000,9821.543196
Palau,PW,2005,12636.80942
Palau,PW,2010,11606.93399
Palau,PW,2015,14938.64319
Palau,PW,2017,14536.04091
Panama,PA,1990,5076.963602
Panama,PA,1995,6749.091373
Panama,PA,2000,8421.509944
Panama,PA,2005,10629.15229
Panama,PA,2010,15312.44725
Panama,PA,2015,22134.9748
Panama,PA,2017,24445.97147
Papua New Guinea,PG,1990,1534.084289
Papua New Guinea,PG,1995,2302.883837
Papua New Guinea,PG,2000,2175.685453
Papua New Guinea,PG,2005,2400.157835
Papua New Guinea,PG,2010,3127.019115
Papua New Guinea,PG,2015,4072.818793
Papua New Guinea,PG,2017,4197.311358
Paraguay,PY,1990,3901.5717
Paraguay,PY,1995,4840.228681
Paraguay,PY,2000,4822.978789
Paraguay,PY,2005,5448.980231
Paraguay,PY,2010,7142.057039
Paraguay,PY,2015,9199.669384
Paraguay,PY,2017,9690.774655
Peru,PE,1990,3433.763634
Peru,PE,1995,4539.560345
Peru,PE,2000,5202.233095
Peru,PE,2005,6762.772656
Peru,PE,2010,9755.149148
Peru,PE,2015,12533.49118
Peru,PE,2017,13434.1256
Philippines,PH,1990,2591.926586
Philippines,PH,1995,2886.995938
Philippines,PH,2000,3348.152451
Philippines,PH,2005,4255.159861
Philippines,PH,2010,5483.620944
Philippines,PH,2015,7320.498539
Philippines,PH,2017,8342.804479
Poland,PL,1990,6178.849301
Poland,PL,1995,7664.428781
Poland,PL,2000,10651.21145
Poland,PL,2005,13895.92354
Poland,PL,2010,21068.85123
Poland,PL,2015,26594.75786
Poland,PL,2017,29026.16642
Portugal,PT,1990,11769.02249
Portugal,PT,1995,14384.59255
Portugal,PT,2000,18883.91146
Portugal,PT,2005,22739.58966
Portugal,PT,2010,27334.8116
Portugal,PT,2015,29532.38116
Portugal,PT,2017,31672.71309
Post-demographic dividend,,1990,17842.60273
Post-demographic dividend,,1995,21432.13536
Post-demographic dividend,,2000,26819.34801
Post-demographic dividend,,2005,32804.83717
Post-demographic dividend,,2010,37729.18069
Post-demographic dividend,,2015,43709.76612
Post-demographic dividend,,2017,46381.52519
Pre-demographic dividend,,1990,1547.345801
Pre-demographic dividend,,1995,1433.329796
Pre-demographic dividend,,2000,1821.317158
Pre-demographic dividend,,2005,2389.313086
Pre-demographic dividend,,2010,3125.291021
Pre-demographic dividend,,2015,3740.765533
Pre-demographic dividend,,2017,3827.880974
Puerto Rico,PR,1990,14366.15945
Puerto Rico,PR,1995,18976.46391
Puerto Rico,PR,2000,24575.57805
Puerto Rico,PR,2005,31497.83921
Puerto Rico,PR,2010,33237.81691
Puerto Rico,PR,2015,37581.03004
Puerto Rico,PR,2017,..
Qatar,QA,1990,..
Qatar,QA,1995,..
Qatar,QA,2000,85860.61144
Qatar,QA,2005,97767.19034
Qatar,QA,2010,122609.4108
Qatar,QA,2015,127516.9086
Qatar,QA,2017,128378.3008
Romania,RO,1990,5262.053542
Romania,RO,1995,5453.11972
Romania,RO,2000,5877.075724
Romania,RO,2005,9723.548285
Romania,RO,2010,17027.14177
Romania,RO,2015,21566.07305
Romania,RO,2017,25840.83637
Russian Federation,RU,1990,8012.802317
Russian Federation,RU,1995,5611.658378
Russian Federation,RU,2000,6825.411391
Russian Federation,RU,2005,11822.3709
Russian Federation,RU,2010,20497.93408
Russian Federation,RU,2015,24737.68944
Russian Federation,RU,2017,25532.99535
Rwanda,RW,1990,563.9440134
Rwanda,RW,1995,495.4533585
Rwanda,RW,2000,628.4938115
Rwanda,RW,2005,929.4457449
Rwanda,RW,2010,1337.558637
Rwanda,RW,2015,1843.326591
Rwanda,RW,2017,2035.654068
Samoa,WS,1990,2358.562479
Samoa,WS,1995,2687.256759
Samoa,WS,2000,3428.776564
Samoa,WS,2005,4750.376751
Samoa,WS,2010,5290.660663
Samoa,WS,2015,5919.359821
Samoa,WS,2017,6610.795239
San Marino,SM,1990,..
San Marino,SM,1995,..
San Marino,SM,2000,59984.93674
San Marino,SM,2005,74436.85094
San Marino,SM,2010,72368.20363
San Marino,SM,2015,60028.92435
San Marino,SM,2017,62425.63293
Sao Tome and Principe,ST,1990,..
Sao Tome and Principe,ST,1995,..
Sao Tome and Principe,ST,2000,..
Sao Tome and Principe,ST,2005,1983.3395
Sao Tome and Principe,ST,2010,2588.079743
Sao Tome and Principe,ST,2015,3138.69963
Sao Tome and Principe,ST,2017,3351.436191
Saudi Arabia,SA,1990,27441.43618
Saudi Arabia,SA,1995,32066.50746
Saudi Arabia,SA,2000,34139.65786
Saudi Arabia,SA,2005,40547.13447
Saudi Arabia,SA,2010,44502.41931
Saudi Arabia,SA,2015,54013.87804
Saudi Arabia,SA,2017,53844.73624
Senegal,SN,1990,1192.399169
Senegal,SN,1995,1287.462696
Senegal,SN,2000,1514.344488
Senegal,SN,2005,1876.662445
Senegal,SN,2010,2139.815826
Senegal,SN,2015,2442.643073
Senegal,SN,2017,2712.337455
Serbia,RS,1990,..
Serbia,RS,1995,4876.099083
Serbia,RS,2000,5725.249454
Serbia,RS,2005,8707.039365
Serbia,RS,2010,12087.10105
Serbia,RS,2015,13896.12139
Serbia,RS,2017,15090.02691
Seychelles,SC,1990,9188.613001
Seychelles,SC,1995,11007.37547
Seychelles,SC,2000,14626.46037
Seychelles,SC,2005,15859.91946
Seychelles,SC,2010,19953.1605
Seychelles,SC,2015,26468.86683
Seychelles,SC,2017,28963.91868
Sierra Leone,SL,1990,808.2880675
Sierra Leone,SL,1995,697.223837
Sierra Leone,SL,2000,723.4657472
Sierra Leone,SL,2005,945.160682
Sierra Leone,SL,2010,1175.715701
Sierra Leone,SL,2015,1399.523362
Sierra Leone,SL,2017,1526.347711
Singapore,SG,1990,22198.09649
Singapore,SG,1995,32752.18099
Singapore,SG,2000,40983.9929
Singapore,SG,2005,55180.901
Singapore,SG,2010,70657.03495
Singapore,SG,2015,87043.18771
Singapore,SG,2017,93905.42416
Sint Maarten (Dutch part),SX,1990,..
Sint Maarten (Dutch part),SX,1995,..
Sint Maarten (Dutch part),SX,2000,..
Sint Maarten (Dutch part),SX,2005,..
Sint Maarten (Dutch part),SX,2010,..
Sint Maarten (Dutch part),SX,2015,..
Sint Maarten (Dutch part),SX,2017,..
Slovak Republic,SK,1990,..
Slovak Republic,SK,1995,8647.465256
Slovak Republic,SK,2000,11354.83338
Slovak Republic,SK,2005,16616.13454
Slovak Republic,SK,2010,24986.61281
Slovak Republic,SK,2015,29522.04477
Slovak Republic,SK,2017,31616.48013
Slovenia,SI,1990,..
Slovenia,SI,1995,13555.14117
Slovenia,SI,2000,18047.49626
Slovenia,SI,2005,23945.25534
Slovenia,SI,2010,27766.42038
Slovenia,SI,2015,31468.36317
Slovenia,SI,2017,34868.21428
Small states,,1990,..
Small states,,1995,..
Small states,,2000,9814.332043
Small states,,2005,13308.66785
Small states,,2010,18711.15752
Small states,,2015,22114.72005
Small states,,2017,22772.98783
Solomon Islands,SB,1990,1217.161294
Solomon Islands,SB,1995,1749.482898
Solomon Islands,SB,2000,1439.995732
Solomon Islands,SB,2005,1496.310269
Solomon Islands,SB,2010,1833.514116
Solomon Islands,SB,2015,2288.629698
Solomon Islands,SB,2017,2421.783202
Somalia,SO,1990,..
Somalia,SO,1995,..
Somalia,SO,2000,..
Somalia,SO,2005,..
Somalia,SO,2010,..
Somalia,SO,2015,..
Somalia,SO,2017,..
South Africa,ZA,1990,6267.093412
South Africa,ZA,1995,6585.894346
South Africa,ZA,2000,7560.858117
South Africa,ZA,2005,9601.275306
South Africa,ZA,2010,11647.33104
South Africa,ZA,2015,13180.52924
South Africa,ZA,2017,13497.9878
South Asia,,1990,1194.163347
South Asia,,1995,1545.41597
South Asia,,2000,1997.611209
South Asia,,2005,2787.434147
South Asia,,2010,4088.88983
South Asia,,2015,5678.732828
South Asia,,2017,6493.77259
South Asia (IDA & IBRD),,1990,1194.163347
South Asia (IDA & IBRD),,1995,1545.41597
South Asia (IDA & IBRD),,2000,1997.611209
South Asia (IDA & IBRD),,2005,2787.434147
South Asia (IDA & IBRD),,2010,4088.88983
South Asia (IDA & IBRD),,2015,5678.732828
South Asia (IDA & IBRD),,2017,6493.77259
South Sudan,SS,1990,..
South Sudan,SS,1995,..
South Sudan,SS,2000,..
South Sudan,SS,2005,..
South Sudan,SS,2010,..
South Sudan,SS,2015,1997.02555
South Sudan,SS,2017,..
Spain,ES,1990,13634.44232
Spain,ES,1995,16217.14391
Spain,ES,2000,21530.47468
Spain,ES,2005,27702.46431
Spain,ES,2010,31954.24275
Spain,ES,2015,34818.12051
Spain,ES,2017,37997.85234
Sri Lanka,LK,1990,2334.773757
Sri Lanka,LK,1995,3253.115322
Sri Lanka,LK,2000,4392.675495
Sri Lanka,LK,2005,5766.395248
Sri Lanka,LK,2010,8357.029907
Sri Lanka,LK,2015,11798.38995
Sri Lanka,LK,2017,12810.95091
St. Kitts and Nevis,KN,1990,9259.512727
St. Kitts and Nevis,KN,1995,12092.41487
St. Kitts and Nevis,KN,2000,15989.91059
St. Kitts and Nevis,KN,2005,19702.28979
St. Kitts and Nevis,KN,2010,20979.06198
St. Kitts and Nevis,KN,2015,25737.62444
St. Kitts and Nevis,KN,2017,27066.93338
St. Lucia,LC,1990,6354.100709
St. Lucia,LC,1995,7602.144351
St. Lucia,LC,2000,8660.701924
St. Lucia,LC,2005,10087.24736
St. Lucia,LC,2010,11878.58658
St. Lucia,LC,2015,13334.2754
St. Lucia,LC,2017,14219.23744
St. Martin (French part),MF,1990,..
St. Martin (French part),MF,1995,..
St. Martin (French part),MF,2000,..
St. Martin (French part),MF,2005,..
St. Martin (French part),MF,2010,..
St. Martin (French part),MF,2015,..
St. Martin (French part),MF,2017,..
St. Vincent and the Grenadines,VC,1990,3604.049474
St. Vincent and the Grenadines,VC,1995,4825.076146
St. Vincent and the Grenadines,VC,2000,5988.01913
St. Vincent and the Grenadines,VC,2005,8297.089193
St. Vincent and the Grenadines,VC,2010,9714.99908
St. Vincent and the Grenadines,VC,2015,11147.28078
St. Vincent and the Grenadines,VC,2017,11776.84795
Sub-Saharan Africa,,1990,1624.809071
Sub-Saharan Africa,,1995,1670.144027
Sub-Saharan Africa,,2000,1885.890002
Sub-Saharan Africa,,2005,2492.682951
Sub-Saharan Africa,,2010,3162.316107
Sub-Saharan Africa,,2015,3726.249491
Sub-Saharan Africa,,2017,3805.968033
Sub-Saharan Africa (IDA & IBRD countries),,1990,1624.809071
Sub-Saharan Africa (IDA & IBRD countries),,1995,1670.144027
Sub-Saharan Africa (IDA & IBRD countries),,2000,1885.890002
Sub-Saharan Africa (IDA & IBRD countries),,2005,2492.682951
Sub-Saharan Africa (IDA & IBRD countries),,2010,3162.316107
Sub-Saharan Africa (IDA & IBRD countries),,2015,3726.249491
Sub-Saharan Africa (IDA & IBRD countries),,2017,3805.968033
Sub-Saharan Africa (excluding high income),,1990,1623.783695
Sub-Saharan Africa (excluding high income),,1995,1668.946481
Sub-Saharan Africa (excluding high income),,2000,1884.346071
Sub-Saharan Africa (excluding high income),,2005,2491.240359
Sub-Saharan Africa (excluding high income),,2010,3160.604114
Sub-Saharan Africa (excluding high income),,2015,3724.137621
Sub-Saharan Africa (excluding high income),,2017,3803.695537
Sudan,SD,1990,1126.84678
Sudan,SD,1995,1429.511146
Sudan,SD,2000,1812.470805
Sudan,SD,2005,2415.537115
Sudan,SD,2010,3298.004749
Sudan,SD,2015,4568.664858
Sudan,SD,2017,4903.575522
Suriname,SR,1990,6815.595198
Suriname,SR,1995,7010.810181
Suriname,SR,2000,7713.114214
Suriname,SR,2005,10834.59221
Suriname,SR,2010,13924.39072
Suriname,SR,2015,15724.63939
Suriname,SR,2017,15114.29604
Sweden,SE,1990,20107.97723
Sweden,SE,1995,22788.00969
Sweden,SE,2000,29275.83802
Sweden,SE,2005,33967.18753
Sweden,SE,2010,41627.97373
Sweden,SE,2015,47891.27784
Sweden,SE,2017,50208.16476
Switzerland,CH,1990,27609.04592
Switzerland,CH,1995,29900.40792
Switzerland,CH,2000,35748.87697
Switzerland,CH,2005,40572.26318
Switzerland,CH,2010,53119.38653
Switzerland,CH,2015,63648.28802
Switzerland,CH,2017,64712.1275
Syrian Arab Republic,SY,1990,..
Syrian Arab Republic,SY,1995,..
Syrian Arab Republic,SY,2000,..
Syrian Arab Republic,SY,2005,..
Syrian Arab Republic,SY,2010,..
Syrian Arab Republic,SY,2015,..
Syrian Arab Republic,SY,2017,..
Tajikistan,TJ,1990,2355.668655
Tajikistan,TJ,1995,925.9070995
Tajikistan,TJ,2000,935.1975543
Tajikistan,TJ,2005,1519.740662
Tajikistan,TJ,2010,2063.730411
Tajikistan,TJ,2015,2811.86989
Tajikistan,TJ,2017,3180.389446
Tanzania,TZ,1990,951.7795331
Tanzania,TZ,1995,997.5641161
Tanzania,TZ,2000,1174.301211
Tanzania,TZ,2005,1620.583573
Tanzania,TZ,2010,2048.293593
Tanzania,TZ,2015,2652.531647
Tanzania,TZ,2017,2945.877987
Thailand,TH,1990,4298.39894
Thailand,TH,1995,6839.711441
Thailand,TH,2000,7283.51129
Thailand,TH,2005,10262.10894
Thailand,TH,2010,13213.74775
Thailand,TH,2015,16241.55555
Thailand,TH,2017,17870.5181
Timor-Leste,TL,1990,..
Timor-Leste,TL,1995,..
Timor-Leste,TL,2000,2622.023348
Timor-Leste,TL,2005,5603.729727
Timor-Leste,TL,2010,8681.607159
Timor-Leste,TL,2015,7878.759385
Timor-Leste,TL,2017,7213.017073
Togo,TG,1990,872.635746
Togo,TG,1995,875.5631269
Togo,TG,2000,1012.178915
Togo,TG,2005,1051.03368
Togo,TG,2010,1183.839338
Togo,TG,2015,1438.689326
Togo,TG,2017,1569.727419
Tonga,TO,1990,2310.120473
Tonga,TO,1995,3109.055118
Tonga,TO,2000,3647.468753
Tonga,TO,2005,4404.665734
Tonga,TO,2010,4883.370227
Tonga,TO,2015,5526.478696
Tonga,TO,2017,5956.543211
Trinidad and Tobago,TT,1990,7921.078925
Trinidad and Tobago,TT,1995,9384.591203
Trinidad and Tobago,TT,2000,14524.09121
Trinidad and Tobago,TT,2005,23532.48931
Trinidad and Tobago,TT,2010,30628.54176
Trinidad and Tobago,TT,2015,33569.41352
Trinidad and Tobago,TT,2017,31577.67299
Tunisia,TN,1990,3629.1202
Tunisia,TN,1995,4470.333681
Tunisia,TN,2000,6003.312008
Tunisia,TN,2005,7838.074031
Tunisia,TN,2010,10225.25223
Tunisia,TN,2015,11464.20947
Tunisia,TN,2017,11910.95234
Turkey,TR,1990,6146.258388
Turkey,TR,1995,7487.022931
Turkey,TR,2000,9582.260417
Turkey,TR,2005,11887.87499
Turkey,TR,2010,17442.85995
Turkey,TR,2015,24844.89555
Turkey,TR,2017,26504.93593
Turkmenistan,TM,1990,5375.394828
Turkmenistan,TM,1995,3354.556516
Turkmenistan,TM,2000,4227.158426
Turkmenistan,TM,2005,5783.426492
Turkmenistan,TM,2010,9741.305291
Turkmenistan,TM,2015,15964.79184
Turkmenistan,TM,2017,17992.7666
Turks and Caicos Islands,TC,1990,..
Turks and Caicos Islands,TC,1995,..
Turks and Caicos Islands,TC,2000,..
Turks and Caicos Islands,TC,2005,..
Turks and Caicos Islands,TC,2010,..
Turks and Caicos Islands,TC,2015,..
Turks and Caicos Islands,TC,2017,..
Tuvalu,TV,1990,1521.284266
Tuvalu,TV,1995,1944.377106
Tuvalu,TV,2000,2412.296979
Tuvalu,TV,2005,2561.283274
Tuvalu,TV,2010,2926.03807
Tuvalu,TV,2015,3640.988199
Tuvalu,TV,2017,3924.944604
Uganda,UG,1990,497.3225639
Uganda,UG,1995,668.034819
Uganda,UG,2000,832.084437
Uganda,UG,2005,1088.685704
Uganda,UG,2010,1485.202513
Uganda,UG,2015,1774.010819
Uganda,UG,2017,1863.835106
Ukraine,UA,1990,6763.203058
Ukraine,UA,1995,3689.120683
Ukraine,UA,2000,3802.540243
Ukraine,UA,2005,6452.096195
Ukraine,UA,2010,7666.219577
Ukraine,UA,2015,7949.149002
Ukraine,UA,2017,8666.896534
United Arab Emirates,AE,1990,71376.15091
United Arab Emirates,AE,1995,73622.3664
United Arab Emirates,AE,2000,81351.36414
United Arab Emirates,AE,2005,81736.47692
United Arab Emirates,AE,2010,56074.88069
United Arab Emirates,AE,2015,70887.39073
United Arab Emirates,AE,2017,73878.46766
United Kingdom,GB,1990,16934.43255
United Kingdom,GB,1995,20423.53423
United Kingdom,GB,2000,26245.85621
United Kingdom,GB,2005,32436.87959
United Kingdom,GB,2010,35875.45628
United Kingdom,GB,2015,41579.86341
United Kingdom,GB,2017,43268.78356
United States,US,1990,23954.47935
United States,US,1995,28782.17502
United States,US,2000,36449.85512
United States,US,2005,44307.92058
United States,US,2010,48375.40695
United States,US,2015,56443.81724
United States,US,2017,59531.66196
Upper middle income,,1990,3312.447204
Upper middle income,,1995,4091.131055
Upper middle income,,2000,5302.377329
Upper middle income,,2005,7734.928762
Upper middle income,,2010,11911.36974
Upper middle income,,2015,15980.87956
Upper middle income,,2017,17774.39517
Uruguay,UY,1990,6360.382528
Uruguay,UY,1995,8392.74392
Uruguay,UY,2000,10204.90524
Uruguay,UY,2005,11553.51551
Uruguay,UY,2010,16736.85104
Uruguay,UY,2015,21117.8016
Uruguay,UY,2017,22562.46183
Uzbekistan,UZ,1990,1984.903407
Uzbekistan,UZ,1995,1634.687382
Uzbekistan,UZ,2000,1984.47012
Uzbekistan,UZ,2005,2732.716951
Uzbekistan,UZ,2010,4153.938846
Uzbekistan,UZ,2015,6069.978666
Uzbekistan,UZ,2017,6864.999587
Vanuatu,VU,1990,1647.689036
Vanuatu,VU,1995,1902.540436
Vanuatu,VU,2000,2237.52451
Vanuatu,VU,2005,2323.514575
Vanuatu,VU,2010,2888.398273
Vanuatu,VU,2015,2988.850538
Vanuatu,VU,2017,3207.831231
"Venezuela, RB",VE,1990,9339.95443
"Venezuela, RB",VE,1995,11172.37417
"Venezuela, RB",VE,2000,11424.20449
"Venezuela, RB",VE,2005,13309.69764
"Venezuela, RB",VE,2010,16210.28996
"Venezuela, RB",VE,2015,..
"Venezuela, RB",VE,2017,..
Vietnam,VN,1990,939.0427192
Vietnam,VN,1995,1425.229198
Vietnam,VN,2000,2030.797288
Vietnam,VN,2005,3032.391019
Vietnam,VN,2010,4318.997405
Vietnam,VN,2015,5915.170833
Vietnam,VN,2017,6775.832191
Virgin Islands (U.S.),VI,1990,..
Virgin Islands (U.S.),VI,1995,..
Virgin Islands (U.S.),VI,2000,..
Virgin Islands (U.S.),VI,2005,..
Virgin Islands (U.S.),VI,2010,..
Virgin Islands (U.S.),VI,2015,..
Virgin Islands (U.S.),VI,2017,..
West Bank and Gaza,,1990,..
West Bank and Gaza,,1995,2033.954977
West Bank and Gaza,,2000,3331.356147
West Bank and Gaza,,2005,4010.147761
West Bank and Gaza,,2010,4088.336765
West Bank and Gaza,,2015,5019.238115
West Bank and Gaza,,2017,4885.341879
World,,1990,5446.175345
World,,1995,6478.955649
World,,2000,7927.720072
World,,2005,10079.3572
World,,2010,12836.84165
World,,2015,15710.16761
World,,2017,16940.79202
"Yemen, Rep.",YE,1990,2150.41636
"Yemen, Rep.",YE,1995,2575.289128
"Yemen, Rep.",YE,2000,3086.354758
"Yemen, Rep.",YE,2005,3699.915173
"Yemen, Rep.",YE,2010,4388.144757
"Yemen, Rep.",YE,2015,2458.385012
"Yemen, Rep.",YE,2017,..
Zambia,ZM,1990,1513.668718
Zambia,ZM,1995,1479.696374
Zambia,ZM,2000,1666.884356
Zambia,ZM,2005,2210.472268
Zambia,ZM,2010,3212.941881
Zambia,ZM,2015,3862.478483
Zambia,ZM,2017,4050.261432
Zimbabwe,ZW,1990,1684.211364
Zimbabwe,ZW,1995,1814.219952
Zimbabwe,ZW,2000,2047.74854
Zimbabwe,ZW,2005,1480.264691
Zimbabwe,ZW,2010,1445.042386
Zimbabwe,ZW,2015,2036.319256
Zimbabwe,ZW,2017,2085.676925
